image_count,timestamp,rgb_image,depth_map,point_cloud,notes
10,1730507897280,rgb_0010.png,depth_0010.png,point_cloud_0010.ply,
11,1730507914253,rgb_0011.png,depth_0011.png,point_cloud_0011.ply,
12,1730507933861,rgb_0012.png,depth_0012.png,point_cloud_0012.ply,
13,1730507946400,rgb_0013.png,depth_0013.png,point_cloud_0013.ply,
14,1730507965408,rgb_0014.png,depth_0014.png,point_cloud_0014.ply,
15,1730507994828,rgb_0015.png,depth_0015.png,point_cloud_0015.ply,
16,1730508015931,rgb_0016.png,depth_0016.png,point_cloud_0016.ply,
17,1730508043943,rgb_0017.png,depth_0017.png,point_cloud_0017.ply,
18,1730508060650,rgb_0018.png,depth_0018.png,point_cloud_0018.ply,
19,1730508097733,rgb_0019.png,depth_0019.png,point_cloud_0019.ply,
20,1730508105870,rgb_0020.png,depth_0020.png,point_cloud_0020.ply,
21,1730508128080,rgb_0021.png,depth_0021.png,point_cloud_0021.ply,
22,1730508135950,rgb_0022.png,depth_0022.png,point_cloud_0022.ply,
23,1730508145420,rgb_0023.png,depth_0023.png,point_cloud_0023.ply,
24,1730508151524,rgb_0024.png,depth_0024.png,point_cloud_0024.ply,
25,1730508165696,rgb_0025.png,depth_0025.png,point_cloud_0025.ply,
26,1730508171998,rgb_0026.png,depth_0026.png,point_cloud_0026.ply,
27,1730508176600,rgb_0027.png,depth_0027.png,point_cloud_0027.ply,
28,1730508182971,rgb_0028.png,depth_0028.png,point_cloud_0028.ply,
29,1730508189107,rgb_0029.png,depth_0029.png,point_cloud_0029.ply,
30,1730508194076,rgb_0030.png,depth_0030.png,point_cloud_0030.ply,
31,1730508205814,rgb_0031.png,depth_0031.png,point_cloud_0031.ply,
32,1730508212017,rgb_0032.png,depth_0032.png,point_cloud_0032.ply,
33,1730508216885,rgb_0033.png,depth_0033.png,point_cloud_0033.ply,
34,1730508222487,rgb_0034.png,depth_0034.png,point_cloud_0034.ply,
35,1730508252034,rgb_0035.png,depth_0035.png,point_cloud_0035.ply,
36,1730508260271,rgb_0036.png,depth_0036.png,point_cloud_0036.ply,
37,1730508274877,rgb_0037.png,depth_0037.png,point_cloud_0037.ply,
38,1730508283914,rgb_0038.png,depth_0038.png,point_cloud_0038.ply,
39,1730508304491,rgb_0039.png,depth_0039.png,point_cloud_0039.ply,
40,1730508313895,rgb_0040.png,depth_0040.png,point_cloud_0040.ply,
41,1730508321532,rgb_0041.png,depth_0041.png,point_cloud_0041.ply,
42,1730508328934,rgb_0042.png,depth_0042.png,point_cloud_0042.ply,
43,1730508340539,rgb_0043.png,depth_0043.png,point_cloud_0043.ply,
44,1730508347843,rgb_0044.png,depth_0044.png,point_cloud_0044.ply,
45,1730508362018,rgb_0045.png,depth_0045.png,point_cloud_0045.ply,
46,1730508376989,rgb_0046.png,depth_0046.png,point_cloud_0046.ply,
47,1730508384959,rgb_0047.png,depth_0047.png,point_cloud_0047.ply,
48,1730508392396,rgb_0048.png,depth_0048.png,point_cloud_0048.ply,
49,1730508409104,rgb_0049.png,depth_0049.png,point_cloud_0049.ply,
50,1730508423876,rgb_0050.png,depth_0050.png,point_cloud_0050.ply,
51,1730508436114,rgb_0051.png,depth_0051.png,point_cloud_0051.ply,
52,1730508445057,rgb_0052.png,depth_0052.png,point_cloud_0052.ply,
53,1730508454857,rgb_0053.png,depth_0053.png,point_cloud_0053.ply,
54,1730508464694,rgb_0054.png,depth_0054.png,point_cloud_0054.ply,
55,1730508481668,rgb_0055.png,depth_0055.png,point_cloud_0055.ply,
56,1730508488303,rgb_0056.png,depth_0056.png,point_cloud_0056.ply,
57,1730508496175,rgb_0057.png,depth_0057.png,point_cloud_0057.ply,
58,1730508503911,rgb_0058.png,depth_0058.png,point_cloud_0058.ply,
59,1730508545663,rgb_0059.png,depth_0059.png,point_cloud_0059.ply,
60,1730508551932,rgb_0060.png,depth_0060.png,point_cloud_0060.ply,
61,1730508559269,rgb_0061.png,depth_0061.png,point_cloud_0061.ply,
62,1730508583481,rgb_0062.png,depth_0062.png,point_cloud_0062.ply,
63,1730508590616,rgb_0063.png,depth_0063.png,point_cloud_0063.ply,
64,1730508608158,rgb_0064.png,depth_0064.png,point_cloud_0064.ply,
65,1730508615593,rgb_0065.png,depth_0065.png,point_cloud_0065.ply,
66,1730508622130,rgb_0066.png,depth_0066.png,point_cloud_0066.ply,
67,1730508628232,rgb_0067.png,depth_0067.png,point_cloud_0067.ply,
68,1730508634135,rgb_0068.png,depth_0068.png,point_cloud_0068.ply,
69,1730508643872,rgb_0069.png,depth_0069.png,point_cloud_0069.ply,
70,1730508650076,rgb_0070.png,depth_0070.png,point_cloud_0070.ply,
71,1730508655478,rgb_0071.png,depth_0071.png,point_cloud_0071.ply,
72,1730508660123,rgb_0072.png,depth_0072.png,point_cloud_0072.ply,
73,1730508666559,rgb_0073.png,depth_0073.png,point_cloud_0073.ply,
74,1730508674796,rgb_0074.png,depth_0074.png,point_cloud_0074.ply,
75,1730508681231,rgb_0075.png,depth_0075.png,point_cloud_0075.ply,
76,1730508701808,rgb_0076.png,depth_0076.png,point_cloud_0076.ply,
77,1730508712913,rgb_0077.png,depth_0077.png,point_cloud_0077.ply,
78,1730508719489,rgb_0078.png,depth_0078.png,point_cloud_0078.ply,
79,1730508735956,rgb_0079.png,depth_0079.png,point_cloud_0079.ply,
80,1730508750996,rgb_0080.png,depth_0080.png,point_cloud_0080.ply,
81,1730508758703,rgb_0081.png,depth_0081.png,point_cloud_0081.ply,
82,1730508765836,rgb_0082.png,depth_0082.png,point_cloud_0082.ply,
83,1730508775543,rgb_0083.png,depth_0083.png,point_cloud_0083.ply,
84,1730508781578,rgb_0084.png,depth_0084.png,point_cloud_0084.ply,
85,1730508789115,rgb_0085.png,depth_0085.png,point_cloud_0085.ply,
86,1730508795749,rgb_0086.png,depth_0086.png,point_cloud_0086.ply,
87,1730508806487,rgb_0087.png,depth_0087.png,point_cloud_0087.ply,
88,1730508816190,rgb_0088.png,depth_0088.png,point_cloud_0088.ply,
89,1730508826595,rgb_0089.png,depth_0089.png,point_cloud_0089.ply,
90,1730508850873,rgb_0090.png,depth_0090.png,point_cloud_0090.ply,
91,1730508856942,rgb_0091.png,depth_0091.png,point_cloud_0091.ply,
92,1730508864512,rgb_0092.png,depth_0092.png,point_cloud_0092.ply,
93,1730508872449,rgb_0093.png,depth_0093.png,point_cloud_0093.ply,
94,1730508878152,rgb_0094.png,depth_0094.png,point_cloud_0094.ply,
95,1730508892391,rgb_0095.png,depth_0095.png,point_cloud_0095.ply,
96,1730508899664,rgb_0096.png,depth_0096.png,point_cloud_0096.ply,
97,1730508914368,rgb_0097.png,depth_0097.png,point_cloud_0097.ply,
98,1730508919902,rgb_0098.png,depth_0098.png,point_cloud_0098.ply,
99,1730508935943,rgb_0099.png,depth_0099.png,point_cloud_0099.ply,
100,1730508958485,rgb_0100.png,depth_0100.png,point_cloud_0100.ply,
101,1730508964589,rgb_0101.png,depth_0101.png,point_cloud_0101.ply,
102,1730508972627,rgb_0102.png,depth_0102.png,point_cloud_0102.ply,
103,1730508979696,rgb_0103.png,depth_0103.png,point_cloud_0103.ply,
104,1730508986134,rgb_0104.png,depth_0104.png,point_cloud_0104.ply,
105,1730508991004,rgb_0105.png,depth_0105.png,point_cloud_0105.ply,
106,1730508996671,rgb_0106.png,depth_0106.png,point_cloud_0106.ply,
107,1730509002006,rgb_0107.png,depth_0107.png,point_cloud_0107.ply,
108,1730509020214,rgb_0108.png,depth_0108.png,point_cloud_0108.ply,
109,1730509027418,rgb_0109.png,depth_0109.png,point_cloud_0109.ply,
110,1730509032987,rgb_0110.png,depth_0110.png,point_cloud_0110.ply,
111,1730509039365,rgb_0111.png,depth_0111.png,point_cloud_0111.ply,
112,1730509052763,rgb_0112.png,depth_0112.png,point_cloud_0112.ply,
113,1730509057601,rgb_0113.png,depth_0113.png,point_cloud_0113.ply,
114,1730509063335,rgb_0114.png,depth_0114.png,point_cloud_0114.ply,
115,1730509068603,rgb_0115.png,depth_0115.png,point_cloud_0115.ply,
116,1730509074038,rgb_0116.png,depth_0116.png,point_cloud_0116.ply,
117,1730509080908,rgb_0117.png,depth_0117.png,point_cloud_0117.ply,
118,1730509096915,rgb_0118.png,depth_0118.png,point_cloud_0118.ply,
119,1730509102917,rgb_0119.png,depth_0119.png,point_cloud_0119.ply,
120,1730509108553,rgb_0120.png,depth_0120.png,point_cloud_0120.ply,
121,1730509116691,rgb_0121.png,depth_0121.png,point_cloud_0121.ply,
122,1730509125761,rgb_0122.png,depth_0122.png,point_cloud_0122.ply,
123,1730509158275,rgb_0123.png,depth_0123.png,point_cloud_0123.ply,
124,1730509163710,rgb_0124.png,depth_0124.png,point_cloud_0124.ply,
125,1730509172814,rgb_0125.png,depth_0125.png,point_cloud_0125.ply,
126,1730509179219,rgb_0126.png,depth_0126.png,point_cloud_0126.ply,
127,1730509207496,rgb_0127.png,depth_0127.png,point_cloud_0127.ply,
128,1730509214299,rgb_0128.png,depth_0128.png,point_cloud_0128.ply,
129,1730509226742,rgb_0129.png,depth_0129.png,point_cloud_0129.ply,
130,1730509241245,rgb_0130.png,depth_0130.png,point_cloud_0130.ply,
131,1730509249414,rgb_0131.png,depth_0131.png,point_cloud_0131.ply,
132,1730509260787,rgb_0132.png,depth_0132.png,point_cloud_0132.ply,
133,1730509283730,rgb_0133.png,depth_0133.png,point_cloud_0133.ply,
134,1730509289799,rgb_0134.png,depth_0134.png,point_cloud_0134.ply,
135,1730509295202,rgb_0135.png,depth_0135.png,point_cloud_0135.ply,
136,1730509301174,rgb_0136.png,depth_0136.png,point_cloud_0136.ply,
137,1730509307444,rgb_0137.png,depth_0137.png,point_cloud_0137.ply,
138,1730509336620,rgb_0138.png,depth_0138.png,point_cloud_0138.ply,
139,1730509341287,rgb_0139.png,depth_0139.png,point_cloud_0139.ply,
140,1730509347657,rgb_0140.png,depth_0140.png,point_cloud_0140.ply,
141,1730509355660,rgb_0141.png,depth_0141.png,point_cloud_0141.ply,
142,1730509361797,rgb_0142.png,depth_0142.png,point_cloud_0142.ply,
143,1730509367400,rgb_0143.png,depth_0143.png,point_cloud_0143.ply,
144,1730509374137,rgb_0144.png,depth_0144.png,point_cloud_0144.ply,
145,1730509388208,rgb_0145.png,depth_0145.png,point_cloud_0145.ply,
146,1730509394946,rgb_0146.png,depth_0146.png,point_cloud_0146.ply,
147,1730509403883,rgb_0147.png,depth_0147.png,point_cloud_0147.ply,
148,1730509410252,rgb_0148.png,depth_0148.png,point_cloud_0148.ply,
149,1730509418355,rgb_0149.png,depth_0149.png,point_cloud_0149.ply,
150,1730509444536,rgb_0150.png,depth_0150.png,point_cloud_0150.ply,
151,1730509450238,rgb_0151.png,depth_0151.png,point_cloud_0151.ply,
152,1730509456206,rgb_0152.png,depth_0152.png,point_cloud_0152.ply,
153,1730509461074,rgb_0153.png,depth_0153.png,point_cloud_0153.ply,
154,1730509467277,rgb_0154.png,depth_0154.png,point_cloud_0154.ply,
155,1730509478248,rgb_0155.png,depth_0155.png,point_cloud_0155.ply,
156,1730509484018,rgb_0156.png,depth_0156.png,point_cloud_0156.ply,
157,1730509521902,rgb_0157.png,depth_0157.png,point_cloud_0157.ply,
158,1730509534473,rgb_0158.png,depth_0158.png,point_cloud_0158.ply,
159,1730509539976,rgb_0159.png,depth_0159.png,point_cloud_0159.ply,
160,1730509546514,rgb_0160.png,depth_0160.png,point_cloud_0160.ply,
161,1730509552048,rgb_0161.png,depth_0161.png,point_cloud_0161.ply,
162,1730509557583,rgb_0162.png,depth_0162.png,point_cloud_0162.ply,
163,1730509565053,rgb_0163.png,depth_0163.png,point_cloud_0163.ply,
164,1730509591632,rgb_0164.png,depth_0164.png,point_cloud_0164.ply,
165,1730509598301,rgb_0165.png,depth_0165.png,point_cloud_0165.ply,
166,1730509623578,rgb_0166.png,depth_0166.png,point_cloud_0166.ply,
167,1730509630748,rgb_0167.png,depth_0167.png,point_cloud_0167.ply,
168,1730509648358,rgb_0168.png,depth_0168.png,point_cloud_0168.ply,
169,1730509650289,rgb_0169.png,depth_0169.png,point_cloud_0169.ply,
170,1730509653292,rgb_0170.png,depth_0170.png,point_cloud_0170.ply,
171,1730509657626,rgb_0171.png,depth_0171.png,point_cloud_0171.ply,
172,1730509662162,rgb_0172.png,depth_0172.png,point_cloud_0172.ply,
173,1730509665896,rgb_0173.png,depth_0173.png,point_cloud_0173.ply,
174,1730509670019,rgb_0174.png,depth_0174.png,point_cloud_0174.ply,
175,1730509677936,rgb_0175.png,depth_0175.png,point_cloud_0175.ply,
176,1730509712717,rgb_0176.png,depth_0176.png,point_cloud_0176.ply,
177,1730509717853,rgb_0177.png,depth_0177.png,point_cloud_0177.ply,
178,1730509732993,rgb_0178.png,depth_0178.png,point_cloud_0178.ply,
179,1730509738362,rgb_0179.png,depth_0179.png,point_cloud_0179.ply,
180,1730509744398,rgb_0180.png,depth_0180.png,point_cloud_0180.ply,
181,1730509750467,rgb_0181.png,depth_0181.png,point_cloud_0181.ply,
182,1730509765273,rgb_0182.png,depth_0182.png,point_cloud_0182.ply,
183,1730509781014,rgb_0183.png,depth_0183.png,point_cloud_0183.ply,
184,1730509786662,rgb_0184.png,depth_0184.png,point_cloud_0184.ply,
185,1730509803258,rgb_0185.png,depth_0185.png,point_cloud_0185.ply,
186,1730509809127,rgb_0186.png,depth_0186.png,point_cloud_0186.ply,
187,1730509813962,rgb_0187.png,depth_0187.png,point_cloud_0187.ply,
188,1730509833571,rgb_0188.png,depth_0188.png,point_cloud_0188.ply,
189,1730509845476,rgb_0189.png,depth_0189.png,point_cloud_0189.ply,
190,1730509866251,rgb_0190.png,depth_0190.png,point_cloud_0190.ply,
191,1730509897966,rgb_0191.png,depth_0191.png,point_cloud_0191.ply,
192,1730509902802,rgb_0192.png,depth_0192.png,point_cloud_0192.ply,
193,1730509909004,rgb_0193.png,depth_0193.png,point_cloud_0193.ply,
194,1730509917041,rgb_0194.png,depth_0194.png,point_cloud_0194.ply,
195,1730509923910,rgb_0195.png,depth_0195.png,point_cloud_0195.ply,
196,1730509941818,rgb_0196.png,depth_0196.png,point_cloud_0196.ply,
197,1730509971864,rgb_0197.png,depth_0197.png,point_cloud_0197.ply,
198,1730509978502,rgb_0198.png,depth_0198.png,point_cloud_0198.ply,
199,1730509984670,rgb_0199.png,depth_0199.png,point_cloud_0199.ply,
200,1730509990673,rgb_0200.png,depth_0200.png,point_cloud_0200.ply,
201,1730509996540,rgb_0201.png,depth_0201.png,point_cloud_0201.ply,
202,1730510014950,rgb_0202.png,depth_0202.png,point_cloud_0202.ply,
203,1730510022619,rgb_0203.png,depth_0203.png,point_cloud_0203.ply,
204,1730510031492,rgb_0204.png,depth_0204.png,point_cloud_0204.ply,
205,1730510035594,rgb_0205.png,depth_0205.png,point_cloud_0205.ply,
206,1730510039962,rgb_0206.png,depth_0206.png,point_cloud_0206.ply,
207,1730510044765,rgb_0207.png,depth_0207.png,point_cloud_0207.ply,
208,1730510058837,rgb_0208.png,depth_0208.png,point_cloud_0208.ply,
209,1730510066673,rgb_0209.png,depth_0209.png,point_cloud_0209.ply,
210,1730510073543,rgb_0210.png,depth_0210.png,point_cloud_0210.ply,
211,1730510084314,rgb_0211.png,depth_0211.png,point_cloud_0211.ply,
212,1730510088917,rgb_0212.png,depth_0212.png,point_cloud_0212.ply,
213,1730510093054,rgb_0213.png,depth_0213.png,point_cloud_0213.ply,
214,1730510098022,rgb_0214.png,depth_0214.png,point_cloud_0214.ply,
215,1730510103256,rgb_0215.png,depth_0215.png,point_cloud_0215.ply,
216,1730510108596,rgb_0216.png,depth_0216.png,point_cloud_0216.ply,
217,1730510113427,rgb_0217.png,depth_0217.png,point_cloud_0217.ply,
218,1730510117962,rgb_0218.png,depth_0218.png,point_cloud_0218.ply,
219,1730510122502,rgb_0219.png,depth_0219.png,point_cloud_0219.ply,
220,1730510137447,rgb_0220.png,depth_0220.png,point_cloud_0220.ply,
221,1730510142306,rgb_0221.png,depth_0221.png,point_cloud_0221.ply,
222,1730510145675,rgb_0222.png,depth_0222.png,point_cloud_0222.ply,
223,1730510150143,rgb_0223.png,depth_0223.png,point_cloud_0223.ply,
224,1730510155079,rgb_0224.png,depth_0224.png,point_cloud_0224.ply,
225,1730510158813,rgb_0225.png,depth_0225.png,point_cloud_0225.ply,
226,1730510163318,rgb_0226.png,depth_0226.png,point_cloud_0226.ply,
227,1730510168185,rgb_0227.png,depth_0227.png,point_cloud_0227.ply,
228,1730510172755,rgb_0228.png,depth_0228.png,point_cloud_0228.ply,
229,1730510176988,rgb_0229.png,depth_0229.png,point_cloud_0229.ply,
230,1730510189460,rgb_0230.png,depth_0230.png,point_cloud_0230.ply,
231,1730510195430,rgb_0231.png,depth_0231.png,point_cloud_0231.ply,
232,1730510201632,rgb_0232.png,depth_0232.png,point_cloud_0232.ply,
233,1730510206601,rgb_0233.png,depth_0233.png,point_cloud_0233.ply,
234,1730510212270,rgb_0234.png,depth_0234.png,point_cloud_0234.ply,
235,1730510233279,rgb_0235.png,depth_0235.png,point_cloud_0235.ply,
236,1730510238683,rgb_0236.png,depth_0236.png,point_cloud_0236.ply,
237,1730510245751,rgb_0237.png,depth_0237.png,point_cloud_0237.ply,
238,1730510251758,rgb_0238.png,depth_0238.png,point_cloud_0238.ply,
239,1730510257124,rgb_0239.png,depth_0239.png,point_cloud_0239.ply,
240,1730510269930,rgb_0240.png,depth_0240.png,point_cloud_0240.ply,
241,1730510275232,rgb_0241.png,depth_0241.png,point_cloud_0241.ply,
242,1730510282468,rgb_0242.png,depth_0242.png,point_cloud_0242.ply,
243,1730510290205,rgb_0243.png,depth_0243.png,point_cloud_0243.ply,
244,1730510294906,rgb_0244.png,depth_0244.png,point_cloud_0244.ply,
245,1730510318350,rgb_0245.png,depth_0245.png,point_cloud_0245.ply,
246,1730510324286,rgb_0246.png,depth_0246.png,point_cloud_0246.ply,
247,1730510330723,rgb_0247.png,depth_0247.png,point_cloud_0247.ply,
248,1730510336358,rgb_0248.png,depth_0248.png,point_cloud_0248.ply,
249,1730510349730,rgb_0249.png,depth_0249.png,point_cloud_0249.ply,
250,1730510370207,rgb_0250.png,depth_0250.png,point_cloud_0250.ply,
251,1730510375308,rgb_0251.png,depth_0251.png,point_cloud_0251.ply,
252,1730510381611,rgb_0252.png,depth_0252.png,point_cloud_0252.ply,
253,1730510386980,rgb_0253.png,depth_0253.png,point_cloud_0253.ply,
254,1730510392549,rgb_0254.png,depth_0254.png,point_cloud_0254.ply,
255,1730510414059,rgb_0255.png,depth_0255.png,point_cloud_0255.ply,
256,1730510421029,rgb_0256.png,depth_0256.png,point_cloud_0256.ply,
257,1730510426665,rgb_0257.png,depth_0257.png,point_cloud_0257.ply,
258,1730510461913,rgb_0258.png,depth_0258.png,point_cloud_0258.ply,
259,1730510467615,rgb_0259.png,depth_0259.png,point_cloud_0259.ply,
260,1730510472651,rgb_0260.png,depth_0260.png,point_cloud_0260.ply,
261,1730510478788,rgb_0261.png,depth_0261.png,point_cloud_0261.ply,
262,1730510512436,rgb_0262.png,depth_0262.png,point_cloud_0262.ply,
263,1730510517839,rgb_0263.png,depth_0263.png,point_cloud_0263.ply,
264,1730510521590,rgb_0264.png,depth_0264.png,point_cloud_0264.ply,
265,1730510526442,rgb_0265.png,depth_0265.png,point_cloud_0265.ply,
266,1730510531378,rgb_0266.png,depth_0266.png,point_cloud_0266.ply,
267,1730510536348,rgb_0267.png,depth_0267.png,point_cloud_0267.ply,
268,1730510541115,rgb_0268.png,depth_0268.png,point_cloud_0268.ply,
269,1730510545917,rgb_0269.png,depth_0269.png,point_cloud_0269.ply,
270,1730510551187,rgb_0270.png,depth_0270.png,point_cloud_0270.ply,
271,1730510578432,rgb_0271.png,depth_0271.png,point_cloud_0271.ply,
272,1730510584767,rgb_0272.png,depth_0272.png,point_cloud_0272.ply,
273,1730510589135,rgb_0273.png,depth_0273.png,point_cloud_0273.ply,
274,1730510593871,rgb_0274.png,depth_0274.png,point_cloud_0274.ply,
275,1730510598609,rgb_0275.png,depth_0275.png,point_cloud_0275.ply,
276,1730510605409,rgb_0276.png,depth_0276.png,point_cloud_0276.ply,
277,1730510620249,rgb_0277.png,depth_0277.png,point_cloud_0277.ply,
278,1730510626085,rgb_0278.png,depth_0278.png,point_cloud_0278.ply,
279,1730510645659,rgb_0279.png,depth_0279.png,point_cloud_0279.ply,
280,1730510651663,rgb_0280.png,depth_0280.png,point_cloud_0280.ply,
281,1730510656732,rgb_0281.png,depth_0281.png,point_cloud_0281.ply,
282,1730510671141,rgb_0282.png,depth_0282.png,point_cloud_0282.ply,
283,1730510676142,rgb_0283.png,depth_0283.png,point_cloud_0283.ply,
284,1730510681243,rgb_0284.png,depth_0284.png,point_cloud_0284.ply,
285,1730510685545,rgb_0285.png,depth_0285.png,point_cloud_0285.ply,
286,1730510698785,rgb_0286.png,depth_0286.png,point_cloud_0286.ply,
287,1730510705155,rgb_0287.png,depth_0287.png,point_cloud_0287.ply,
288,1730510713156,rgb_0288.png,depth_0288.png,point_cloud_0288.ply,
289,1730510731996,rgb_0289.png,depth_0289.png,point_cloud_0289.ply,
290,1730510738101,rgb_0290.png,depth_0290.png,point_cloud_0290.ply,
291,1730510743704,rgb_0291.png,depth_0291.png,point_cloud_0291.ply,
292,1730510781019,rgb_0292.png,depth_0292.png,point_cloud_0292.ply,
293,1730510785589,rgb_0293.png,depth_0293.png,point_cloud_0293.ply,
294,1730510790524,rgb_0294.png,depth_0294.png,point_cloud_0294.ply,
295,1730510796494,rgb_0295.png,depth_0295.png,point_cloud_0295.ply,
296,1730510811399,rgb_0296.png,depth_0296.png,point_cloud_0296.ply,
297,1730510816536,rgb_0297.png,depth_0297.png,point_cloud_0297.ply,
298,1730510821740,rgb_0298.png,depth_0298.png,point_cloud_0298.ply,
299,1730510828709,rgb_0299.png,depth_0299.png,point_cloud_0299.ply,
300,1730510834777,rgb_0300.png,depth_0300.png,point_cloud_0300.ply,
301,1730510840079,rgb_0301.png,depth_0301.png,point_cloud_0301.ply,
302,1730510845049,rgb_0302.png,depth_0302.png,point_cloud_0302.ply,
303,1730510850051,rgb_0303.png,depth_0303.png,point_cloud_0303.ply,
304,1730510873560,rgb_0304.png,depth_0304.png,point_cloud_0304.ply,
305,1730510880964,rgb_0305.png,depth_0305.png,point_cloud_0305.ply,
306,1730510885900,rgb_0306.png,depth_0306.png,point_cloud_0306.ply,
307,1730510906878,rgb_0307.png,depth_0307.png,point_cloud_0307.ply,
308,1730510912512,rgb_0308.png,depth_0308.png,point_cloud_0308.ply,
309,1730510918214,rgb_0309.png,depth_0309.png,point_cloud_0309.ply,
310,1730510929719,rgb_0310.png,depth_0310.png,point_cloud_0310.ply,
311,1730510935791,rgb_0311.png,depth_0311.png,point_cloud_0311.ply,
312,1730510947992,rgb_0312.png,depth_0312.png,point_cloud_0312.ply,
313,1730510956163,rgb_0313.png,depth_0313.png,point_cloud_0313.ply,
314,1730510976406,rgb_0314.png,depth_0314.png,point_cloud_0314.ply,
315,1730510981408,rgb_0315.png,depth_0315.png,point_cloud_0315.ply,
316,1730510985843,rgb_0316.png,depth_0316.png,point_cloud_0316.ply,
317,1730510990179,rgb_0317.png,depth_0317.png,point_cloud_0317.ply,
318,1730510994414,rgb_0318.png,depth_0318.png,point_cloud_0318.ply,
319,1730510998184,rgb_0319.png,depth_0319.png,point_cloud_0319.ply,
320,1730511001717,rgb_0320.png,depth_0320.png,point_cloud_0320.ply,
321,1730511006253,rgb_0321.png,depth_0321.png,point_cloud_0321.ply,
322,1730511017290,rgb_0322.png,depth_0322.png,point_cloud_0322.ply,
323,1730511022360,rgb_0323.png,depth_0323.png,point_cloud_0323.ply,
324,1730511090022,rgb_0324.png,depth_0324.png,point_cloud_0324.ply,
325,1730511094725,rgb_0325.png,depth_0325.png,point_cloud_0325.ply,
326,1730511099360,rgb_0326.png,depth_0326.png,point_cloud_0326.ply,
327,1730511104563,rgb_0327.png,depth_0327.png,point_cloud_0327.ply,
328,1730511108698,rgb_0328.png,depth_0328.png,point_cloud_0328.ply,
329,1730511114302,rgb_0329.png,depth_0329.png,point_cloud_0329.ply,
330,1730511118674,rgb_0330.png,depth_0330.png,point_cloud_0330.ply,
331,1730511127405,rgb_0331.png,depth_0331.png,point_cloud_0331.ply,
332,1730511132786,rgb_0332.png,depth_0332.png,point_cloud_0332.ply,
333,1730511145182,rgb_0333.png,depth_0333.png,point_cloud_0333.ply,
334,1730511149881,rgb_0334.png,depth_0334.png,point_cloud_0334.ply,
335,1730511154653,rgb_0335.png,depth_0335.png,point_cloud_0335.ply,
336,1730511160353,rgb_0336.png,depth_0336.png,point_cloud_0336.ply,
337,1730511164288,rgb_0337.png,depth_0337.png,point_cloud_0337.ply,
338,1730511190299,rgb_0338.png,depth_0338.png,point_cloud_0338.ply,
339,1730511195368,rgb_0339.png,depth_0339.png,point_cloud_0339.ply,
340,1730511199770,rgb_0340.png,depth_0340.png,point_cloud_0340.ply,
341,1730511204606,rgb_0341.png,depth_0341.png,point_cloud_0341.ply,
342,1730511214478,rgb_0342.png,depth_0342.png,point_cloud_0342.ply,
343,1730511219115,rgb_0343.png,depth_0343.png,point_cloud_0343.ply,
344,1730511248692,rgb_0344.png,depth_0344.png,point_cloud_0344.ply,
345,1730511253962,rgb_0345.png,depth_0345.png,point_cloud_0345.ply,
346,1730511259840,rgb_0346.png,depth_0346.png,point_cloud_0346.ply,
347,1730511264532,rgb_0347.png,depth_0347.png,point_cloud_0347.ply,
348,1730511269434,rgb_0348.png,depth_0348.png,point_cloud_0348.ply,
349,1730511283672,rgb_0349.png,depth_0349.png,point_cloud_0349.ply,
350,1730511289777,rgb_0350.png,depth_0350.png,point_cloud_0350.ply,
351,1730511295478,rgb_0351.png,depth_0351.png,point_cloud_0351.ply,
352,1730511300147,rgb_0352.png,depth_0352.png,point_cloud_0352.ply,
353,1730511315088,rgb_0353.png,depth_0353.png,point_cloud_0353.ply,
354,1730511322335,rgb_0354.png,depth_0354.png,point_cloud_0354.ply,
355,1730511336826,rgb_0355.png,depth_0355.png,point_cloud_0355.ply,
356,1730511342816,rgb_0356.png,depth_0356.png,point_cloud_0356.ply,
357,1730511350934,rgb_0357.png,depth_0357.png,point_cloud_0357.ply,
358,1730511358139,rgb_0358.png,depth_0358.png,point_cloud_0358.ply,
359,1730511368576,rgb_0359.png,depth_0359.png,point_cloud_0359.ply,
360,1730511375369,rgb_0360.png,depth_0360.png,point_cloud_0360.ply,
361,1730511384391,rgb_0361.png,depth_0361.png,point_cloud_0361.ply,
362,1730511407432,rgb_0362.png,depth_0362.png,point_cloud_0362.ply,
363,1730511415160,rgb_0363.png,depth_0363.png,point_cloud_0363.ply,
364,1730511433736,rgb_0364.png,depth_0364.png,point_cloud_0364.ply,
365,1730511443390,rgb_0365.png,depth_0365.png,point_cloud_0365.ply,
366,1730511451583,rgb_0366.png,depth_0366.png,point_cloud_0366.ply,
367,1730511463333,rgb_0367.png,depth_0367.png,point_cloud_0367.ply,
368,1730511472386,rgb_0368.png,depth_0368.png,point_cloud_0368.ply,
369,1730511480001,rgb_0369.png,depth_0369.png,point_cloud_0369.ply,
370,1730511494540,rgb_0370.png,depth_0370.png,point_cloud_0370.ply,
371,1730511501280,rgb_0371.png,depth_0371.png,point_cloud_0371.ply,
372,1730511507980,rgb_0372.png,depth_0372.png,point_cloud_0372.ply,
373,1730511517806,rgb_0373.png,depth_0373.png,point_cloud_0373.ply,
374,1730511524518,rgb_0374.png,depth_0374.png,point_cloud_0374.ply,
375,1730511547376,rgb_0375.png,depth_0375.png,point_cloud_0375.ply,
376,1730511559718,rgb_0376.png,depth_0376.png,point_cloud_0376.ply,
377,1730511566673,rgb_0377.png,depth_0377.png,point_cloud_0377.ply,
378,1730511575120,rgb_0378.png,depth_0378.png,point_cloud_0378.ply,
379,1730511583253,rgb_0379.png,depth_0379.png,point_cloud_0379.ply,
380,1730511589277,rgb_0380.png,depth_0380.png,point_cloud_0380.ply,
381,1730511596696,rgb_0381.png,depth_0381.png,point_cloud_0381.ply,
382,1730511602280,rgb_0382.png,depth_0382.png,point_cloud_0382.ply,
383,1730511608709,rgb_0383.png,depth_0383.png,point_cloud_0383.ply,
384,1730511623227,rgb_0384.png,depth_0384.png,point_cloud_0384.ply,
385,1730511632349,rgb_0385.png,depth_0385.png,point_cloud_0385.ply,
386,1730511639668,rgb_0386.png,depth_0386.png,point_cloud_0386.ply,
387,1730511647287,rgb_0387.png,depth_0387.png,point_cloud_0387.ply,
388,1730511654801,rgb_0388.png,depth_0388.png,point_cloud_0388.ply,
389,1730511682052,rgb_0389.png,depth_0389.png,point_cloud_0389.ply,
390,1730511688736,rgb_0390.png,depth_0390.png,point_cloud_0390.ply,
391,1730511709117,rgb_0391.png,depth_0391.png,point_cloud_0391.ply,
392,1730511715927,rgb_0392.png,depth_0392.png,point_cloud_0392.ply,
393,1730511722815,rgb_0393.png,depth_0393.png,point_cloud_0393.ply,
394,1730511729504,rgb_0394.png,depth_0394.png,point_cloud_0394.ply,
395,1730511742473,rgb_0395.png,depth_0395.png,point_cloud_0395.ply,
396,1730511749130,rgb_0396.png,depth_0396.png,point_cloud_0396.ply,
397,1730511755825,rgb_0397.png,depth_0397.png,point_cloud_0397.ply,
398,1730511768276,rgb_0398.png,depth_0398.png,point_cloud_0398.ply,
399,1730511779346,rgb_0399.png,depth_0399.png,point_cloud_0399.ply,
400,1730511815833,rgb_0400.png,depth_0400.png,point_cloud_0400.ply,
401,1730511822943,rgb_0401.png,depth_0401.png,point_cloud_0401.ply,
402,1730511857159,rgb_0402.png,depth_0402.png,point_cloud_0402.ply,
403,1730511869399,rgb_0403.png,depth_0403.png,point_cloud_0403.ply,
404,1730511880872,rgb_0404.png,depth_0404.png,point_cloud_0404.ply,
405,1730511896384,rgb_0405.png,depth_0405.png,point_cloud_0405.ply,
406,1730511904594,rgb_0406.png,depth_0406.png,point_cloud_0406.ply,
407,1730511911767,rgb_0407.png,depth_0407.png,point_cloud_0407.ply,
408,1730511923136,rgb_0408.png,depth_0408.png,point_cloud_0408.ply,
409,1730511934451,rgb_0409.png,depth_0409.png,point_cloud_0409.ply,
410,1730511944467,rgb_0410.png,depth_0410.png,point_cloud_0410.ply,
411,1730511952696,rgb_0411.png,depth_0411.png,point_cloud_0411.ply,
412,1730511958581,rgb_0412.png,depth_0412.png,point_cloud_0412.ply,
413,1730511967063,rgb_0413.png,depth_0413.png,point_cloud_0413.ply,
414,1730511999719,rgb_0414.png,depth_0414.png,point_cloud_0414.ply,
415,1730512006530,rgb_0415.png,depth_0415.png,point_cloud_0415.ply,
